{
  "0-10s": {
    "fwd_kld_mean": 1.420244681093132,
    "fwd_kld_std": 1.1900280930455172,
    "rev_kld_mean": 1.5684504949878555,
    "rev_kld_std": 1.6701110900057297,
    "sym_kld_mean": 1.4943475880404937,
    "sym_kld_std": 1.296050428972936,
    "n_pairs": 400
  },
  "10-20s": {
    "fwd_kld_mean": 1.720928811175337,
    "fwd_kld_std": 1.492031470033373,
    "rev_kld_mean": 1.6631012251220363,
    "rev_kld_std": 1.59519008872527,
    "sym_kld_mean": 1.6920150181486864,
    "sym_kld_std": 1.385382114556889,
    "n_pairs": 400
  },
  "20-30s": {
    "fwd_kld_mean": 2.2190276567672584,
    "fwd_kld_std": 1.9592419292363088,
    "rev_kld_mean": 1.809058119403157,
    "rev_kld_std": 1.5618066825419916,
    "sym_kld_mean": 2.0140428880852075,
    "sym_kld_std": 1.5776227709736816,
    "n_pairs": 400
  }
}