{
  "0-10s": {
    "fwd_kld_mean": 1.3691776613902902,
    "fwd_kld_std": 1.1300689714123748,
    "rev_kld_mean": 1.5594337323229979,
    "rev_kld_std": 1.7264763760321555,
    "sym_kld_mean": 1.4643056968566441,
    "sym_kld_std": 1.3172646995829986,
    "n_pairs": 400
  },
  "10-20s": {
    "fwd_kld_mean": 1.6773880668181074,
    "fwd_kld_std": 1.4895752388480648,
    "rev_kld_mean": 1.640890641910408,
    "rev_kld_std": 1.6261132442179247,
    "sym_kld_mean": 1.6591393543642576,
    "sym_kld_std": 1.405155693587563,
    "n_pairs": 400
  },
  "20-30s": {
    "fwd_kld_mean": 2.111292889627635,
    "fwd_kld_std": 1.9297748418975345,
    "rev_kld_mean": 1.8149529595544809,
    "rev_kld_std": 1.6898476629173786,
    "sym_kld_mean": 1.9631229245910577,
    "sym_kld_std": 1.6236439563008558,
    "n_pairs": 400
  }
}