{
  "MusicGen_TF": {
    "0-10s": {
      "fwd_kld_mean": 1.420244681093132,
      "fwd_kld_std": 1.1900280930455172,
      "rev_kld_mean": 1.5684504949878555,
      "rev_kld_std": 1.6701110900057297,
      "sym_kld_mean": 1.4943475880404937,
      "sym_kld_std": 1.296050428972936,
      "n_pairs": 400
    },
    "10-20s": {
      "fwd_kld_mean": 1.720928811175337,
      "fwd_kld_std": 1.492031470033373,
      "rev_kld_mean": 1.6631012251220363,
      "rev_kld_std": 1.59519008872527,
      "sym_kld_mean": 1.6920150181486864,
      "sym_kld_std": 1.385382114556889,
      "n_pairs": 400
    },
    "20-30s": {
      "fwd_kld_mean": 2.2190276567672584,
      "fwd_kld_std": 1.9592419292363088,
      "rev_kld_mean": 1.809058119403157,
      "rev_kld_std": 1.5618066825419916,
      "sym_kld_mean": 2.0140428880852075,
      "sym_kld_std": 1.5776227709736816,
      "n_pairs": 400
    }
  },
  "MusicGen_SASS": {
    "0-10s": {
      "fwd_kld_mean": 1.3691776613902902,
      "fwd_kld_std": 1.1300689714123748,
      "rev_kld_mean": 1.5594337323229979,
      "rev_kld_std": 1.7264763760321555,
      "sym_kld_mean": 1.4643056968566441,
      "sym_kld_std": 1.3172646995829986,
      "n_pairs": 400
    },
    "10-20s": {
      "fwd_kld_mean": 1.6773880668181074,
      "fwd_kld_std": 1.4895752388480648,
      "rev_kld_mean": 1.640890641910408,
      "rev_kld_std": 1.6261132442179247,
      "sym_kld_mean": 1.6591393543642576,
      "sym_kld_std": 1.405155693587563,
      "n_pairs": 400
    },
    "20-30s": {
      "fwd_kld_mean": 2.111292889627635,
      "fwd_kld_std": 1.9297748418975345,
      "rev_kld_mean": 1.8149529595544809,
      "rev_kld_std": 1.6898476629173786,
      "sym_kld_mean": 1.9631229245910577,
      "sym_kld_std": 1.6236439563008558,
      "n_pairs": 400
    }
  }
}